{
    "datums":{
        "WGS84":{
            "name":"WGS84",
            "dX":0,
            "dY":0,
            "dZ":0,
            "ellipsoid":{
                "a": 6378137.0,
                "f": 298.2572236,
                "se": 0.0820944381519172
                
            },
            "rX":0,
            "rY":0,
            "rZ":0,
            "sf":0
        },
        "ED50":{
            "name":"ED50",
            "dX":86,
            "dY":96,
            "dZ":120,
            "ellipsoid":{
                "a": 6378388.0,
                "f": 296.9999999999916,
                "se": 0.08226888960733833
                
            },
            "rX":0,
            "rY":0,
            "rZ":0,
            "sf":0
        }
    }


}